-- create database TopTCompetitors;

use TopTCompetitors;

create table Hackers(
	hacker_id Integer not null,
    name Varchar(20));
    
insert into hackers value
(72, 'Rose'),
(270, 'Angela'),
(929, 'Frank'),
(1194, 'Patrick'),
(1434, 'Lisa'),
(1842, 'Kimberly'),
(2319, 'Bonnie'),
(2729, 'Michael'),
(2746, 'Todd'),
(3395, 'Joe'),
(3768, 'Earl'),
(4509, 'Robert'),
(5135, 'Amy'),
(5275, 'Pamela'),
(5611, 'Maria'),
(5720, 'Joe'),
(5828, 'Linda'),
(7671, 'Melissa'),
(8205, 'Carol'),
(8285, 'Paula'),
(8498, 'Marilyn'),
(9761, 'Jennifer'),
(10011, 'Harry'),
(10084, 'David'),
(10776, 'Julia'),
(10857, 'Kevin'),
(12539, 'Paul'),
(13122, 'James'),
(13380, 'Kelly'),
(13391, 'Robin'),
(13523, 'Ralph'),
(13762, 'Gloria'),
(13944, 'Victor'),
(14246, 'David'),
(14363, 'Joyce'),
(14366, 'Donna'),
(14372, 'Michelle'),
(14658, 'Stephanie'),
(14777, 'Gerald'),
(14863, 'Walter'),
(15719, 'Christina'),
(16259, 'Brandon'),
(17295, 'Elizabeth'),
(17762, 'Joseph'),
(18330, 'Lawrence'),
(18690, 'Marilyn'),
(18983, 'Lori'),
(19076, 'Matthew'),
(19448, 'Jesse'),
(20504, 'John'),
(20534, 'Martha'),
(21212, 'Timothy'),
(21463, 'Christine'),
(22196, 'Anthony'),
(23278, 'Paula'),
(23678, 'Kimberly'),
(24663, 'Louise'),
(25184, 'Martin'),
(25238, 'Paul'),
(25732, 'Antonio'),
(26133, 'Jacqueline'),
(26243, 'Diana'),
(26253, 'John'),
(26289, 'Dorothy'),
(26895, 'Evelyn'),
(27232, 'Phillip'),
(28250, 'Evelyn'),
(28275, 'Debra'),
(28299, 'David'),
(28614, 'Willie'),
(30128, 'Brandon'),
(30721, 'Ann'),
(30755, 'Emily'),
(32121, 'Dorothy'),
(32172, 'Jonathan'),
(32254, 'Dorothy'),
(34242, 'Marilyn'),
(35583, 'Norma'),
(36228, 'Nancy'),
(36322, 'Andrew'),
(37704, 'Keith'),
(38852, 'Benjamin'),
(39277, 'Charles'),
(39771, 'Alan'),
(39782, 'Tammy'),
(40226, 'Anna'),
(40257, 'James'),
(41293, 'Robin'),
(41319, 'Jean'),
(42052, 'Andrew'),
(43892, 'Roy'),
(44188, 'Diana'),
(45386, 'Christina'),
(45785, 'Jesse'),
(46205, 'Joyce'),
(47641, 'Patricia'),
(48984, 'Gregory'),
(49307, 'Brian'),
(49652, 'Christine'),
(49789, 'Lillian'),
(50081, 'Aaron'),
(50274, 'Dorothy'),
(50393, 'Christopher'),
(51385, 'Bobby'),
(51410, 'Bobby'),
(51503, 'Gerald'),
(51906, 'Carol'),
(52184, 'Jeremy'),
(52274, 'Clarence'),
(52500, 'Wayne'),
(53315, 'Carolyn'),
(54055, 'Margaret'),
(54300, 'Andrew'),
(55007, 'Albert'),
(55107, 'Judy'),
(55635, 'Arthur'),
(56050, 'Cynthia'),
(57147, 'Jerry'),
(57650, 'Thomas'),
(57694, 'Elizabeth'),
(57947, 'Justin'),
(59326, 'Albert'),
(59640, 'James'),
(59853, 'Stephen'),
(59907, 'Alan'),
(60412, 'Joshua'),
(60738, 'Norma'),
(61506, 'Mildred'),
(61647, 'Melissa'),
(61703, 'Paul'),
(61885, 'Gerald'),
(62626, 'Ronald'),
(62669, 'Sandra'),
(62764, 'Helen'),
(64383, 'Larry'),
(64617, 'Alan'),
(65817, 'Paul'),
(65900, 'Chris'),
(65903, 'Steven'),
(66031, 'Jennifer'),
(66414, 'Bonnie'),
(67640, 'Shirley'),
(68141, 'Jeffrey'),
(68645, 'Janet'),
(68709, 'Albert'),
(68908, 'Charles'),
(69871, 'Kelly'),
(70325, 'Bobby'),
(71121, 'Elizabeth'),
(71525, 'Keith'),
(72757, 'Jose'),
(72944, 'Ann'),
(73095, 'Helen'),
(73193, 'Jason'),
(73355, 'Gerald'),
(73418, 'Carlos'),
(73961, 'Ryan'),
(74101, 'Ashley'),
(74160, 'Julia'),
(74413, 'Harry'),
(74553, 'Sean'),
(74558, 'Julia'),
(74932, 'Marilyn'),
(75773, 'Cheryl'),
(75984, 'Susan'),
(77119, 'Judith'),
(77211, 'Ruth'),
(79555, 'Jane'),
(79803, 'Sara'),
(80659, 'Denise'),
(81751, 'Jason'),
(81936, 'Rose'),
(82542, 'Susan'),
(82704, 'Irene'),
(83194, 'Jonathan'),
(84304, 'Shawn'),
(84653, 'Julia'),
(85039, 'Linda'),
(85242, 'Melissa'),
(87768, 'Dennis'),
(89033, 'Jeremy'),
(89507, 'Patrick'),
(90106, 'Jennifer'),
(90500, 'Lillian'),
(90653, 'Charles'),
(91104, 'Philip'),
(91557, 'Jimmy'),
(91744, 'Doris'),
(92776, 'Craig'),
(93514, 'Walter'),
(95822, 'Wayne'),
(96117, 'Katherine'),
(96546, 'Mark'),
(97708, 'Barbara'),
(97990, 'Mark'),
(98095, 'Joe'),
(98128, 'Maria'),
(99104, 'John'),
(99113, 'Brian'),
(99559, 'Kimberly');

create table Difficulty(
	difficult_level Integer not null,
    score  Integer not null);
    
insert into Difficulty value
(1, 20), 
(2, 30), 
(3, 40), 
(4, 60), 
(5, 80), 
(6, 100), 
(7, 120); 

create table Challenges(
	challenge_id Integer not null,
    hacker_id Integer not null,
    difficulty_level Integer not null);

insert into Challenges value
(4911 ,61647, 3), 
(11319, 70325, 2), 
(13910, 5275, 7), 
(19274, 270, 7), 
(25419, 49307, 5), 
(36420, 46205, 5), 
(36911, 80659, 7), 
(37472, 97708, 7), 
(44764, 14863 ,2), 
(46441, 87768, 4), 
(51898, 5720, 2), 
(55235, 59853, 4), 
(60691, 10857, 3), 
(61757, 8285, 5), 
(63530, 39771, 4), 
(68233, 65903, 5), 
(69855, 48984, 3), 
(69886, 90653, 1), 
(93294, 59907, 4), 
(99326, 18983, 5);

create table Submissions(
	submission_id  Integer not null,
    hacker_id Integer not null,
    challenge_id Integer not null,
    score Integer not null);
    
insert into Submissions value
(43954, 40226, 69855, 40),
(89007, 85039, 44764, 14),
(38171, 32172, 25419, 80),
(95655, 95822, 63530, 47),
(67667, 61885, 55235, 16),
(608, 72, 93294, 0),
(48950, 47641, 51898, 30),
(14835, 13762, 44764, 30),
(5719, 3768, 44764, 20),
(79124, 74101, 19274, 27),
(9608, 9761, 51898, 80),
(66937, 61703, 44764, 14),
(70395, 65817, 99326, 72),
(1602, 929, 63530, 0),
(38474, 32172, 51898, 30),
(88883, 84653, 69886, 1),
(94969, 92776, 55235, 57),
(39613, 35583, 11319, 30),
(60498, 57147, 55235, 10),
(66873, 61703, 36420, 24),
(61607, 57694, 51898, 5),
(16169, 14246, 55235, 60),
(61307, 57650, 63530, 31),
(82072, 74932, 69855, 37),
(54331, 51503, 36911, 47),
(31874, 26253, 69855, 40),
(82971, 75773, 99326, 49),
(93663, 91557, 93294, 27),
(25663, 20504, 37472, 120),
(73458, 68141, 93294, 49),
(56056, 52274, 11319, 25),
(20487, 15719, 61757, 80),
(62359, 57947, 55235, 12),
(2076, 1194, 63530, 0),
(19500, 14863, 44764, 30),
(62522, 57947, 68233, 9),
(49656, 49307, 11319, 30),
(21884, 17295, 37472, 120),
(95417, 93514, 44764, 21),
(63442, 59640, 60691, 11),
(86241, 81751, 25419, 48),
(47952, 45785, 37472, 120),
(25400, 19448, 51898, 30),
(57696, 54300, 13910, 13),
(84812, 79555, 63530, 2),
(56234, 52274, 46441, 37),
(84017, 77211, 11319, 5),
(32019, 26253, 99326, 80),
(25465, 19448, 68233, 80),
(89263, 85242, 4911, 7),
(601, 72, 63530, 0),
(13515, 13391, 51898, 30),
(72955, 68141, 44764, 19),
(5502, 3395, 93294, 20),
(82171, 74932, 93294, 43),
(74575, 68908, 44764, 16),
(55925, 52184, 61757, 3),
(77253, 72757, 69855, 35),
(19909, 15719, 36420, 80),
(35652, 28614, 37472, 120),
(45409, 41293, 55235, 60),
(64338, 59853, 61757, 69),
(89302, 85242, 19274, 106),
(47714, 45386, 69886, 20),
(72978, 68141, 55235, 19),
(12556, 13122, 11319, 30),
(78583, 73355, 68233, 59),
(26429, 21212, 44764, 30),
(10316, 10084, 19274, 80),
(27984, 23278, 36420, 80),
(33064, 27232, 36420, 80),
(86312, 81751, 37472, 105),
(92077, 90500, 19274, 13),
(9444, 9761, 19274, 80),
(84608, 79555, 11319, 5),
(72900, 68141, 36420, 15),
(70667, 65900, 69886, 14),
(67728, 61885, 93294, 4),
(43463, 39782, 69886, 20),
(11844, 10857, 51898, 30),
(186, 72, 4911, 0),
(10632, 10084, 60691, 60),
(69536, 64617, 11319, 7),
(10498, 10084, 44764, 120),
(90071, 89033, 13910, 9),
(30953, 26133, 68233, 80),
(43302, 39782, 61757, 80),
(44334, 40257, 63530, 60),
(93599, 91557, 68233, 74),
(19504, 14863, 46441, 60),
(69411, 64383, 99326, 23),
(25484, 19448, 69886, 20),
(93540, 91557, 51898, 1),
(47771, 45386, 93294, 60),
(74667, 69871, 11319, 13),
(36331, 30128, 44764, 30),
(60910, 57147, 99326, 29),
(1910, 1194, 60691, 0),
(89762, 87768, 36420, 14),
(75483, 70325, 55235, 36),
(13310, 13380, 93294, 60),
(9711, 9761, 93294, 80),
(59007, 55107, 36420, 35),
(6302, 4509, 51898, 100),
(28237, 23678, 13910, 120),
(20721, 15719, 69886, 20),
(22218, 17762, 36911, 120),
(92561, 90653, 46441, 51),
(81716, 74932, 44764, 27),
(68444, 62669, 46441, 17),
(64784, 59907, 37472, 62),
(49909, 49307, 61757, 80),
(91862, 90500, 4911, 35),
(74645, 68908, 51898, 26),
(64489, 59853, 63530, 25),
(28525, 23678, 55235, 60),
(75753, 70325, 60691, 21),
(28869, 24663, 55235, 60),
(97030, 97990, 44764, 30),
(90574, 89033, 60691, 32),
(18993, 14777, 51898, 30),
(20857, 16259, 11319, 30),
(48759, 47641, 13910, 120),
(62532, 57947, 69855, 40),
(65799, 60738, 60691, 36),
(53825, 51410, 55235, 5),
(22019, 17295, 63530, 60),
(86322, 81751, 44764, 30),
(60227, 57147, 19274, 21),
(5645, 3768, 19274, 30),
(30058, 25732, 11319, 30),
(32632, 26895, 55235, 60),
(51547, 49789, 69886, 1),
(95195, 92776, 63530, 38),
(11449, 10776, 60691, 80),
(47064, 44188, 36420, 80),
(67316, 61885, 36420, 2),
(11779, 10857, 36420, 40),
(75434, 70325, 11319, 6),
(96553, 96546, 69855, 8),
(70169, 65817, 61757, 21),
(13587, 13391, 55235, 60),
(86053, 81751, 11319, 27),
(22997, 18330, 60691, 40),
(82293, 75773, 4911, 20),
(18050, 14658, 19274, 120),
(7884, 5720, 99326, 120),
(8459, 8205, 11319, 40),
(40441, 36228, 13910, 120),
(98463, 99104, 60691, 4),
(74234, 68709, 93294, 17),
(54237, 51503, 25419, 63),
(88598, 84304, 25419, 52),
(85227, 79803, 63530, 9),
(85750, 80659, 61757, 79),
(42551, 39277, 44764, 30),
(40485, 36228, 25419, 80),
(62830, 59326, 37472, 46),
(10441, 10084, 36911, 60),
(96656, 97708, 4911, 37),
(53238, 51385, 46441, 59),
(76278, 71121, 61757, 55),
(57030, 53315, 51898, 27),
(41053, 36322, 36420, 80),
(86899, 81936, 44764, 13),
(44316, 40257, 60691, 40),
(38591, 32172, 93294, 60),
(19230, 14777, 99326, 80),
(80169, 74413, 68233, 74),
(70859, 65903, 36420, 65),
(49292, 48984, 46441, 60),
(24221, 19076, 13910, 120),
(88770, 84304, 69855, 5),
(20726, 15719, 93294, 60),
(47145, 44188, 60691, 40),
(25414, 19448, 55235, 60),
(15410, 13944, 44764, 30),
(94387, 91744, 69886, 16),
(78488, 73355, 46441, 34),
(65826, 60738, 61757, 27),
(7935, 5828, 11319, 120),
(49129, 47641, 68233, 80),
(1623, 929, 68233, 0),
(66536, 61647, 61757, 27),
(54203, 51503, 19274, 40),
(2408, 1434, 11319, 0),
(52609, 50393, 13910, 28),
(93465, 91557, 44764, 22),
(34284, 28275, 55235, 60),
(39007, 34242, 4911, 40),
(43498, 40226, 19274, 120),
(34917, 28299, 11319, 30),
(69948, 64617, 51898, 16),
(2762, 1434, 93294, 0),
(75060, 69871, 36911, 65),
(25602, 20504, 19274, 120),
(86896, 81936, 36911, 13),
(53820, 51410, 51898, 30),
(39507, 34242, 99326, 80),
(29398, 25184, 61757, 80),
(68790, 62764, 51898, 3),
(12831, 13122, 68233, 80),
(72927, 68141, 37472, 11),
(95259, 93514, 19274, 39),
(32715, 26895, 63530, 60),
(42101, 38852, 51898, 30),
(28180, 23278, 69886, 20),
(83593, 77119, 25419, 57),
(63381, 59640, 36420, 53),
(31544, 26253, 44764, 30),
(38996, 32254, 99326, 80),
(56419, 52274, 68233, 1),
(98740, 99113, 36420, 69),
(84796, 79555, 60691, 3),
(83488, 75984, 44764, 4),
(55355, 51906, 60691, 27),
(65623, 60738, 37472, 29),
(72830, 68141, 19274, 53),
(75386, 69871, 99326, 10),
(38693, 32254, 4911, 40),
(18540, 14658, 61757, 80),
(60307, 57147, 36420, 9),
(8290, 5828, 69886, 30),
(75760, 70325, 69886, 6),
(13497, 13391, 36911, 120),
(89582, 87768, 19274, 119),
(20615, 15719, 68233, 80),
(33544, 27232, 68233, 80),
(97212, 98095, 25419, 28),
(19881, 15719, 25419, 80),
(94590, 92776, 4911, 33),
(16399, 14363, 36420, 80),
(257, 72, 13910, 0),
(87837, 83194, 19274, 98),
(84999, 79803, 36911, 99),
(33143, 27232, 37472, 120),
(50333, 49652, 36420, 80),
(33924, 28250, 46441, 60),
(56440, 52274, 69886, 19),
(98670, 99113, 13910, 49),
(55954, 52184, 93294, 57),
(95514, 95822, 36911, 45),
(43171, 39782, 51898, 30),
(51495, 49789, 68233, 47),
(99982, 99559, 99326, 49),
(57682, 54300, 4911, 17),
(80987, 74558, 25419, 22),
(78443, 73355, 36420, 38),
(46517, 43892, 36911, 120),
(57017, 53315, 46441, 40),
(29940, 25238, 63530, 60),
(38179, 32172, 36420, 80),
(51277, 49789, 46441, 6),
(30003, 25238, 99326, 80),
(14314, 13762, 4911, 40),
(65191, 59907, 61757, 36),
(37077, 30721, 55235, 60),
(45681, 41319, 61757, 80),
(89898, 87768, 99326, 78),
(68161, 62626, 51898, 12),
(42949, 39771, 19274, 120),
(84670, 79555, 36420, 52),
(47340, 45386, 25419, 80),
(79264, 74101, 51898, 6),
(6548, 5135, 37472, 100),
(70424, 65900, 19274, 97),
(26485, 21212, 60691, 40),
(74659, 68908, 61757, 60),
(65917, 60738, 99326, 63),
(77806, 73095, 19274, 1),
(61501, 57694, 36420, 55),
(76960, 72757, 19274, 107),
(31528, 26253, 36911, 120),
(89364, 85242, 55235, 53),
(50868, 49789, 36911, 80),
(60500, 57147, 60691, 10),
(77837, 73095, 60691, 11),
(23898, 18983, 37472, 120),
(29894, 25238, 36420, 80),
(49804, 49307, 37472, 120),
(79073, 73961, 60691, 8),
(8413, 7671, 61757, 40),
(92637, 90653, 68233, 67),
(78628, 73418, 36911, 94),
(39964, 35583, 36911, 120),
(22680, 17762, 46441, 60),
(76719, 71525, 36420, 73),
(32379, 26895, 36911, 120),
(65563, 60738, 36420, 38),
(75842, 71121, 4911, 4),
(52585, 50274, 99326, 12),
(74360, 68908, 13910, 97),
(31237, 26243, 36911, 120),
(86648, 81751, 99326, 29),
(97375, 98095, 55235, 31),
(74953, 69871, 36420, 60),
(6312, 4509, 60691, 100),
(92688, 90653, 93294, 13),
(43121, 39771, 61757, 80),
(57225, 53315, 69886, 4),
(62861, 59326, 61757, 11),
(57123, 53315, 60691, 19),
(11492, 10776, 69855, 120),
(96054, 96117, 46441, 35),
(53085, 50393, 93294, 50),
(31907, 26253, 93294, 60),
(37860, 32121, 51898, 30),
(16755, 14366, 13910, 120),
(89268, 85242, 11319, 15),
(20847, 16259, 4911, 40),
(53045, 50393, 68233, 57),
(69647, 64617, 36911, 9),
(61686, 57694, 55235, 19),
(54601, 51503, 51898, 13),
(6710, 5135, 99326, 100),
(96339, 96546, 11319, 14),
(11638, 10857, 4911, 120),
(93283, 91104, 69855, 24),
(23475, 18690, 11319, 30),
(91528, 90106, 37472, 32),
(56902, 53315, 19274, 56),
(74017, 68709, 19274, 83),
(96565, 96546, 99326, 3),
(87092, 81936, 69855, 31),
(95485, 95822, 25419, 31),
(97489, 98128, 4911, 33),
(16352, 14363, 25419, 80),
(33878, 28250, 44764, 30),
(56407, 52274, 60691, 26),
(5485, 3395, 63530, 120),
(692, 72, 99326, 0),
(91531, 90106, 46441, 44),
(7972, 5828, 25419, 30),
(78017, 73193, 19274, 52),
(38403, 32172, 44764, 30),
(38750, 32254, 11319, 30),
(90669, 89033, 69855, 13),
(71858, 66414, 55235, 14),
(85140, 79803, 60691, 9),
(23768, 18690, 63530, 60),
(83657, 77119, 46441, 11),
(87974, 83194, 44764, 28),
(57952, 54300, 69855, 3),
(83678, 77119, 55235, 25),
(21290, 16259, 55235, 60),
(36269, 30128, 36420, 80),
(89251, 85039, 69855, 20),
(80399, 74553, 13910, 93),
(62690, 59326, 11319, 17),
(48447, 46205, 37472, 120),
(60105, 57147, 11319, 3),
(45906, 42052, 36420, 80),
(1573, 929, 51898, 0),
(13240, 13380, 61757, 80),
(78529, 73355, 60691, 5),
(96263, 96117, 69855, 16),
(48058, 45785, 46441, 60),
(86818, 81936, 13910, 54),
(24582, 19076, 44764, 30),
(99671, 99559, 61757, 63),
(63757, 59853, 13910, 57),
(13317, 13391, 4911, 40),
(11369, 10776, 55235, 100),
(45052, 41293, 19274, 120),
(33274, 27232, 46441, 60),
(22906, 18330, 36911, 120),
(25995, 20534, 44764, 30),
(18927, 14777, 37472, 120),
(95933, 96117, 19274, 14),
(41835, 37704, 99326, 80),
(37022, 30721, 46441, 60),
(5865, 3768, 63530, 20),
(27820, 22196, 93294, 60),
(31196, 26243, 13910, 120),
(69225, 64383, 69886, 3),
(36195, 30128, 25419, 80),
(70765, 65903, 4911, 3),
(16043, 14246, 36911, 120),
(7798, 5720, 93294, 20),
(91754, 90106, 93294, 60),
(58978, 55107, 11319, 28),
(15474, 13944, 61757, 80),
(53206, 51385, 36420, 12),
(87864, 83194, 37472, 34),
(53207, 51385, 37472, 67),
(93063, 91104, 51898, 13),
(26685, 21212, 99326, 80),
(84531, 77211, 93294, 57),
(46895, 43892, 93294, 60),
(16561, 14363, 46441, 60),
(69591, 64617, 13910, 81),
(68657, 62764, 19274, 45),
(12624, 13122, 25419, 80),
(49558, 48984, 93294, 60),
(94514, 91744, 99326, 14),
(57965, 54300, 69886, 2),
(89851, 87768, 63530, 4),
(48845, 47641, 19274, 120),
(27521, 22196, 37472, 120),
(24402, 19076, 36420, 80),
(36325, 30128, 36911, 120),
(96541, 96546, 60691, 15),
(79126, 74101, 36420, 74),
(86557, 81751, 63530, 50),
(9249, 8498, 37472, 30),
(71251, 66031, 36420, 12),
(64115, 59853, 46441, 32),
(79936, 74413, 25419, 60),
(95293, 93514, 25419, 64),
(81075, 74558, 61757, 20),
(81455, 74558, 69855, 38),
(92493, 90653, 37472, 22),
(88955, 85039, 19274, 73),
(15156, 13944, 13910, 120),
(33829, 28250, 36420, 80),
(77786, 73095, 11319, 14),
(17809, 14372, 99326, 80),
(37590, 32121, 19274, 120),
(56781, 52500, 60691, 13),
(22971, 18330, 46441, 60),
(83713, 77119, 63530, 31),
(54840, 51503, 68233, 25),
(37399, 30755, 68233, 80),
(35676, 28614, 46441, 60),
(64756, 59907, 25419, 68),
(36758, 30721, 4911, 40),
(59633, 56050, 25419, 56),
(24991, 19448, 4911, 40),
(55626, 51906, 93294, 5),
(26633, 21212, 69886, 20),
(6999, 5611, 37472, 80),
(57163, 53315, 63530, 35),
(95343, 93514, 37472, 26),
(32372, 26895, 19274, 120),
(97057, 97990, 51898, 17),
(537, 72, 36420, 0),
(78997, 73961, 4911, 40),
(19450, 14863, 36420, 80),
(78814, 73418, 63530, 54),
(28196, 23678, 4911, 40),
(93667, 91744, 4911, 17),
(86681, 81936, 11319, 3),
(67094, 61703, 60691, 2),
(12894, 13122, 69855, 40),
(42677, 39277, 60691, 40),
(70396, 65900, 4911, 17),
(34173, 28275, 36420, 80),
(77218, 72757, 68233, 17),
(8110, 5828, 51898, 80),
(75968, 71121, 36420, 8),
(28041, 23278, 37472, 120),
(67169, 61703, 63530, 19),
(36629, 30128, 68233, 80),
(76849, 71525, 93294, 46),
(5224, 3395, 51898, 0),
(54090, 51410, 68233, 31),
(95820, 96117, 11319, 24),
(12436, 12539, 60691, 40),
(70888, 65903, 36911, 34),
(3482, 1842, 69886, 0),
(82342, 75773, 25419, 22),
(93108, 91104, 55235, 46),
(98591, 99104, 99326, 52),
(8883, 8285, 44764, 60),
(61036, 57650, 36420, 73),
(38445, 32172, 46441, 60),
(92367, 90653, 19274, 41),
(8539, 8205, 36420, 100),
(21956, 17295, 55235, 60),
(17194, 14372, 13910, 120),
(83854, 77119, 69855, 15),
(2730, 1434, 69855, 0),
(28822, 24663, 51898, 30),
(13750, 13391, 99326, 80),
(70782, 65903, 13910, 98),
(64556, 59853, 99326, 71),
(40059, 35583, 46441, 60),
(47561, 45386, 44764, 30),
(96091, 96117, 68233, 40),
(5056, 3395, 25419, 0),
(47676, 45386, 69855, 40),
(50399, 49652, 46441, 60),
(53533, 51385, 93294, 49),
(24575, 19076, 36911, 120),
(9307, 8498, 51898, 80),
(11245, 10776, 44764, 40),
(30239, 25732, 63530, 60),
(9942, 10011, 46441, 100),
(93238, 91104, 68233, 28),
(80286, 74413, 69886, 20),
(30407, 25732, 69886, 20),
(78905, 73418, 69886, 3),
(30528, 26133, 11319, 30),
(75308, 69871, 68233, 42),
(9777, 10011, 4911, 30),
(51805, 50081, 61757, 47),
(40581, 36228, 51898, 30),
(37362, 30755, 61757, 80),
(15360, 13944, 36420, 80),
(6326, 4509, 61757, 120),
(87319, 82542, 69855, 14),
(87244, 82542, 19274, 38),
(6368, 4509, 99326, 40),
(52863, 50393, 60691, 24),
(31351, 26243, 69855, 40),
(34466, 28275, 69855, 40),
(2708, 1434, 61757, 0),
(9371, 8498, 60691, 100),
(17436, 14372, 37472, 120),
(35067, 28299, 36911, 120),
(89465, 85242, 69855, 4),
(91859, 90106, 99326, 70),
(33598, 27232, 93294, 60),
(91050, 89507, 13910, 106),
(44311, 40257, 46441, 60),
(89890, 87768, 69886, 9),
(1727, 1194, 19274, 0),
(11696, 10857, 13910, 100),
(26296, 20534, 69886, 20),
(90526, 89033, 51898, 18),
(84991, 79803, 25419, 19),
(99261, 99559, 11319, 22),
(79690, 74160, 69855, 39),
(23660, 18690, 61757, 80),
(90556, 89033, 55235, 40),
(89568, 87768, 13910, 113),
(76795, 71525, 51898, 14),
(41349, 37704, 4911, 40),
(70112, 65817, 36911, 91),
(1309, 929, 19274, 0),
(17657, 14372, 60691, 40),
(60835, 57147, 69886, 4),
(42977, 39771, 46441, 60),
(99796, 99559, 63530, 23),
(18437, 14658, 51898, 30),
(22744, 17762, 63530, 60),
(4615, 2746, 13910, 0),
(13809, 13523, 19274, 120),
(55450, 51906, 69855, 34),
(18118, 14658, 36911, 120),
(80684, 74553, 46441, 32),
(97350, 98095, 36911, 98),
(57907, 54300, 68233, 18),
(53316, 51385, 68233, 47),
(8409, 7671, 37472, 80),
(15231, 13944, 25419, 80),
(50863, 49789, 13910, 120),
(15851, 14246, 13910, 120),
(98029, 99104, 25419, 50),
(44335, 40257, 69886, 20),
(25893, 20504, 61757, 80),
(31669, 26253, 60691, 40),
(59472, 55635, 4911, 34),
(87542, 82704, 36911, 96),
(30742, 26133, 51898, 30),
(16142, 14246, 37472, 120),
(41032, 36322, 13910, 120),
(74106, 68709, 44764, 9),
(24307, 19076, 19274, 120),
(87072, 81936, 68233, 40),
(50669, 49652, 63530, 60),
(96382, 96546, 25419, 65),
(8230, 5828, 69855, 100),
(48379, 45785, 93294, 60),
(71938, 66414, 61757, 47),
(23839, 18983, 36911, 120),
(59468, 55107, 99326, 17),
(18849, 14777, 13910, 120),
(2838, 1842, 44764, 0),
(12441, 12539, 61757, 80),
(63297, 59640, 4911, 13),
(96350, 96546, 19274, 94),
(68970, 64383, 4911, 8),
(88977, 85039, 37472, 112),
(4059, 2319, 36420, 0),
(64044, 59853, 44764, 24),
(93575, 91557, 61757, 26),
(85364, 79803, 93294, 19),
(40491, 36228, 37472, 120),
(85718, 80659, 46441, 51),
(86616, 81751, 69855, 7),
(47313, 44188, 69855, 40),
(65966, 61506, 4911, 23),
(22951, 18330, 44764, 30),
(94975, 92776, 60691, 12),
(97010, 97990, 36420, 37),
(45779, 41319, 69855, 40),
(79869, 74413, 11319, 7),
(45513, 41293, 93294, 60),
(70608, 65900, 68233, 22),
(4595, 2746, 4911, 0),
(66856, 61703, 25419, 54),
(61222, 57650, 51898, 18),
(36975, 30721, 44764, 30),
(95456, 95822, 13910, 75),
(10714, 10776, 4911, 100),
(75471, 70325, 13910, 74),
(33085, 27232, 36911, 120),
(66821, 61703, 19274, 8),
(26828, 21463, 44764, 30),
(59086, 55107, 55235, 28),
(90272, 89033, 25419, 19),
(41995, 38852, 36911, 120),
(19271, 14863, 11319, 30),
(97035, 97990, 46441, 6),
(81908, 74932, 61757, 44),
(10209, 10011, 69886, 100),
(79275, 74160, 4911, 31),
(63602, 59640, 63530, 57),
(23834, 18690, 69855, 40),
(55560, 51906, 69886, 11),
(68547, 62669, 93294, 36),
(56460, 52274, 93294, 7),
(33517, 27232, 61757, 80),
(51955, 50274, 13910, 34),
(21969, 17295, 61757, 80),
(94311, 91744, 68233, 11),
(73832, 68645, 61757, 67),
(85422, 79803, 99326, 29),
(560, 72, 36911, 0),
(76604, 71525, 11319, 20),
(2095, 1194, 68233, 0),
(37157, 30755, 19274, 120),
(26026, 20534, 46441, 60),
(55247, 51906, 37472, 21),
(11826, 10857, 46441, 100),
(71391, 66031, 37472, 28),
(99382, 99559, 25419, 4),
(71046, 65903, 60691, 13),
(66567, 61647, 68233, 65),
(1471, 929, 44764, 0),
(2577, 1434, 46441, 0),
(33931, 28250, 51898, 30),
(69069, 64383, 55235, 27),
(37574, 32121, 4911, 40),
(49013, 47641, 55235, 60),
(99446, 99559, 36911, 61),
(32449, 26895, 37472, 120),
(64635, 59907, 13910, 3),
(30737, 26133, 46441, 60),
(53089, 50393, 99326, 49),
(77857, 73095, 69855, 14),
(8801, 8285, 36911, 60),
(73080, 68141, 63530, 27),
(15126, 13944, 4911, 40),
(67574, 61885, 46441, 40),
(2828, 1842, 36420, 0),
(77734, 72944, 68233, 65),
(36344, 30128, 46441, 60),
(37328, 30755, 60691, 40),
(38134, 32121, 68233, 80),
(8188, 5828, 63530, 40),
(28168, 23278, 69855, 40),
(98613, 99113, 4911, 10),
(91388, 89507, 68233, 14),
(35328, 28299, 46441, 60),
(57844, 54300, 60691, 15),
(98485, 99104, 69886, 8),
(8986, 8285, 68233, 100),
(12063, 10857, 69855, 40),
(43357, 39782, 68233, 80),
(83500, 75984, 46441, 60),
(32244, 26289, 69855, 40),
(21874, 17295, 36911, 120),
(38598, 32172, 99326, 80),
(6602, 5135, 46441, 20),
(70368, 65817, 93294, 45),
(5440, 3395, 61757, 30),
(57430, 54055, 55235, 23),
(43139, 39782, 19274, 120),
(76621, 71525, 13910, 30),
(47301, 44188, 68233, 80),
(20920, 16259, 13910, 120),
(77548, 72944, 44764, 6),
(60031, 56050, 69886, 6),
(92264, 90500, 93294, 53),
(26246, 20534, 61757, 80),
(45941, 42052, 37472, 120),
(88418, 83194, 99326, 51),
(84808, 79555, 61757, 44),
(30001, 25238, 68233, 80),
(52753, 50393, 37472, 38),
(16986, 14366, 61757, 80),
(50713, 49652, 93294, 60),
(49214, 48984, 25419, 80),
(43537, 40226, 37472, 120),
(28099, 23278, 51898, 30),
(57993, 54300, 93294, 58),
(32649, 26895, 61757, 80),
(4210, 2729, 4911, 0),
(52051, 50274, 36911, 82),
(78959, 73418, 93294, 41),
(16717, 14363, 69855, 40),
(81714, 74932, 37472, 11),
(11102, 10776, 36420, 40),
(66523, 61647, 46441, 53),
(36115, 30128, 4911, 40),
(38983, 32254, 69886, 20),
(42330, 39277, 25419, 80),
(92538, 90653, 44764, 4),
(99227, 99559, 4911, 12),
(38887, 32254, 51898, 30),
(60429, 57147, 51898, 23),
(54513, 51503, 44764, 30),
(60007, 56050, 63530, 12),
(71202, 66031, 4911, 12),
(46721, 43892, 61757, 80),
(65697, 60738, 51898, 11),
(16731, 14363, 69886, 20),
(52776, 50393, 51898, 21),
(65237, 59907, 69886, 4),
(34239, 28275, 44764, 30),
(1021, 270, 37472, 0),
(40403, 36228, 4911, 40),
(63384, 59640, 55235, 32),
(990, 270, 19274, 0),
(22875, 18330, 19274, 120),
(40797, 36228, 68233, 80),
(57422, 54055, 36911, 45),
(40160, 35583, 60691, 40),
(14028, 13523, 61757, 80),
(48360, 45785, 69855, 40),
(54904, 51906, 11319, 29),
(82635, 75773, 44764, 4),
(37478, 30755, 99326, 80),
(19133, 14777, 61757, 80),
(78282, 73355, 4911, 33),
(95704, 95822, 68233, 23),
(13632, 13391, 60691, 40),
(97360, 98095, 51898, 28),
(31353, 26243, 93294, 60),
(22946, 18330, 37472, 120),
(77346, 72944, 13910, 24),
(5979, 3768, 93294, 100),
(31235, 26243, 25419, 80),
(31141, 26243, 4911, 40),
(48720, 46205, 69855, 40),
(17328, 14372, 36420, 80),
(9476, 9761, 25419, 20),
(14583, 13762, 36420, 80),
(215, 72, 11319, 0),
(65284, 60412, 46441, 50),
(71945, 66414, 69886, 9),
(71182, 65903, 69855, 25),
(90298, 89033, 36911, 84),
(68500, 62669, 69855, 22),
(9549, 9761, 46441, 100),
(31813, 26253, 61757, 80),
(35682, 28614, 51898, 30),
(67306, 61703, 69855, 8),
(31532, 26253, 37472, 120),
(85363, 79803, 69886, 19),
(81848, 74932, 46441, 14),
(96933, 97708, 44764, 9),
(13832, 13523, 51898, 30),
(47321, 45386, 13910, 120),
(55898, 52184, 60691, 3),
(85520, 80659, 36911, 35),
(23342, 18690, 4911, 40),
(97450, 98095, 99326, 30),
(74148, 68709, 68233, 64),
(65997, 61506, 19274, 43),
(76695, 71525, 19274, 108),
(70607, 65900, 63530, 57),
(30091, 25732, 44764, 30),
(34053, 28275, 4911, 40),
(20710, 15719, 69855, 40),
(43609, 40226, 44764, 30),
(7114, 5611, 68233, 60),
(3542, 1842, 93294, 0),
(70675, 65900, 99326, 26),
(55642, 51906, 99326, 52),
(48656, 46205, 44764, 30),
(65551, 60738, 25419, 66),
(24612, 19076, 46441, 60),
(80642, 74553, 37472, 76),
(9975, 10011, 55235, 30),
(27411, 22196, 11319, 30),
(80797, 74553, 93294, 55),
(95628, 95822, 61757, 57),
(27539, 22196, 60691, 40),
(25871, 20504, 55235, 60),
(80565, 74553, 36911, 74),
(13637, 13391, 69886, 20),
(98952, 99113, 69855, 17),
(96869, 97708, 19274, 5),
(58651, 55007, 46441, 4),
(54811, 51503, 60691, 39),
(15433, 13944, 51898, 30),
(36159, 30128, 11319, 30),
(41988, 38852, 13910, 120),
(16144, 14246, 44764, 30),
(80115, 74413, 61757, 11),
(79778, 74160, 99326, 43),
(67711, 61885, 61757, 80),
(66166, 61506, 69855, 39),
(88675, 84304, 37472, 12),
(36901, 30721, 37472, 120),
(79049, 73961, 25419, 75),
(88180, 83194, 69886, 9),
(78448, 73355, 44764, 28),
(16775, 14366, 36420, 80),
(16035, 14246, 36420, 80),
(55029, 51906, 36911, 83),
(47449, 45386, 36911, 120),
(67782, 62626, 13910, 73),
(8005, 5828, 36911, 60),
(99659, 99559, 60691, 24),
(97211, 98095, 4911, 29),
(4119, 2319, 37472, 0),
(5145, 3395, 36420, 0),
(89260, 85039, 93294, 51),
(71087, 65903, 63530, 39),
(20351, 15719, 55235, 60),
(21900, 17295, 46441, 60),
(80215, 74413, 69855, 40),
(17322, 14372, 25419, 80),
(79604, 74160, 51898, 13),
(46287, 43892, 11319, 30),
(2523, 1434, 36911, 0),
(72455, 67640, 60691, 16),
(41671, 37704, 69855, 40),
(6172, 4509, 36420, 120),
(83569, 77119, 19274, 23),
(87429, 82704, 11319, 27),
(4295, 2729, 11319, 0),
(49574, 49307, 4911, 40),
(37797, 32121, 37472, 120),
(18737, 14777, 11319, 30),
(96279, 96117, 99326, 67),
(50210, 49652, 25419, 80),
(12567, 13122, 19274, 120),
(75942, 71121, 19274, 74),
(27467, 22196, 19274, 120),
(47601, 45386, 55235, 60),
(12464, 12539, 68233, 80),
(57482, 54055, 60691, 36),
(21895, 17295, 44764, 30),
(6154, 4509, 19274, 60),
(98709, 99113, 19274, 39),
(20253, 15719, 51898, 30),
(98639, 99113, 11319, 30),
(59273, 55107, 60691, 20),
(78081, 73193, 61757, 2),
(49421, 48984, 51898, 30),
(91882, 90500, 11319, 16),
(93424, 91557, 11319, 4),
(91642, 90106, 63530, 24),
(80927, 74558, 19274, 23),
(12541, 12539, 99326, 80),
(82897, 75773, 61757, 60),
(4468, 2729, 51898, 0),
(94864, 92776, 37472, 46),
(10698, 10084, 68233, 60),
(59530, 55635, 36420, 11),
(66448, 61647, 25419, 69),
(78890, 73418, 69855, 2),
(97102, 97990, 60691, 16),
(77916, 73095, 93294, 23),
(35920, 28614, 69855, 40),
(6099, 4509, 13910, 100),
(33568, 27232, 69886, 20),
(87999, 83194, 46441, 58),
(97359, 98095, 46441, 16),
(94634, 92776, 25419, 76),
(51643, 49789, 99326, 35),
(79289, 74160, 11319, 9),
(68615, 62764, 13910, 24),
(95430, 93514, 46441, 17),
(43833, 40226, 63530, 60),
(85742, 80659, 51898, 22),
(63963, 59853, 25419, 68),
(88754, 84304, 61757, 74),
(14995, 13762, 55235, 60),
(68304, 62669, 19274, 42),
(55277, 51906, 46441, 2),
(26466, 21212, 46441, 60),
(54128, 51503, 13910, 13),
(80841, 74558, 11319, 25),
(25934, 20504, 99326, 80),
(16774, 14366, 25419, 80),
(22065, 17295, 69886, 20),
(38934, 32254, 55235, 60),
(71829, 66414, 46441, 57),
(35914, 28614, 68233, 80),
(97107, 97990, 63530, 16),
(75138, 69871, 44764, 29),
(59575, 55635, 44764, 24),
(53243, 51385, 60691, 19),
(49237, 48984, 36420, 80),
(30976, 26133, 69855, 40),
(46720, 43892, 55235, 60),
(90667, 89033, 68233, 28),
(8934, 8285, 60691, 30),
(13228, 13380, 51898, 30),
(47849, 45785, 36911, 120),
(43231, 39782, 60691, 40),
(13466, 13391, 36420, 80),
(94240, 91744, 60691, 40),
(91222, 89507, 60691, 39),
(95247, 92776, 99326, 23),
(60754, 57147, 63530, 36),
(97129, 97990, 69855, 20),
(42223, 39277, 19274, 120),
(30615, 26133, 37472, 120),
(10215, 10011, 99326, 60),
(57209, 53315, 68233, 25),
(47082, 44188, 37472, 120),
(41359, 37704, 25419, 80),
(7413, 5720, 44764, 20),
(89452, 85242, 68233, 13),
(15684, 13944, 93294, 60),
(72341, 67640, 36911, 37),
(5598, 3768, 11319, 20),
(11573, 10776, 99326, 120),
(78664, 73418, 44764, 19),
(51856, 50081, 69886, 19),
(25954, 20534, 19274, 120),
(30978, 26133, 69886, 20),
(30388, 25732, 69855, 40),
(89181, 85039, 68233, 74),
(72902, 68141, 36911, 34),
(6903, 5275, 68233, 100),
(75318, 69871, 69855, 26),
(92234, 90500, 69886, 4),
(97570, 98128, 25419, 76),
(59309, 55107, 61757, 43),
(94472, 91744, 93294, 15),
(52619, 50393, 19274, 17),
(57613, 54055, 93294, 57),
(6338, 4509, 69855, 60),
(76231, 71121, 60691, 37),
(67701, 61885, 60691, 34),
(50140, 49652, 19274, 120),
(65431, 60412, 69886, 4),
(35632, 28614, 36420, 80),
(8451, 7671, 99326, 120),
(28719, 23678, 99326, 80),
(13032, 13380, 13910, 120),
(62971, 59326, 69855, 31),
(41293, 36322, 63530, 60),
(40716, 36228, 60691, 40),
(74467, 68908, 25419, 17),
(16170, 14246, 61757, 80),
(41092, 36322, 36911, 120),
(62980, 59326, 69886, 15),
(51504, 49789, 69855, 20),
(95981, 96117, 36911, 17),
(43638, 40226, 55235, 60),
(84666, 79555, 19274, 89),
(79996, 74413, 36911, 83),
(27878, 23278, 19274, 120),
(99547, 99559, 37472, 41),
(35288, 28299, 44764, 30),
(19866, 15719, 4911, 40),
(56984, 53315, 44764, 24),
(18693, 14658, 69886, 20),
(23967, 18983, 68233, 80),
(70289, 65817, 69886, 16),
(64516, 59853, 69855, 8),
(29329, 25184, 55235, 60),
(75388, 70325, 4911, 30),
(38144, 32172, 13910, 120),
(91679, 90106, 69855, 3),
(48671, 46205, 61757, 80),
(88843, 84653, 4911, 13),
(65449, 60412, 99326, 35),
(52822, 50393, 55235, 4),
(10086, 10011, 61757, 100),
(34019, 28250, 63530, 60),
(61198, 57650, 46441, 11),
(84549, 77211, 99326, 73),
(58473, 55007, 36911, 114),
(41375, 37704, 36420, 80),
(33819, 28250, 25419, 80),
(47252, 44188, 61757, 80),
(10166, 10011, 69855, 100),
(23042, 18330, 61757, 80),
(13384, 13391, 25419, 80),
(79439, 74160, 37472, 76),
(81490, 74558, 69886, 13),
(59626, 55635, 69855, 23),
(21463, 16259, 69886, 20),
(88589, 84304, 19274, 40),
(80093, 74413, 46441, 36),
(65260, 60412, 36420, 45),
(57155, 53315, 61757, 49),
(57301, 53315, 93294, 8),
(79537, 74160, 44764, 5),
(29589, 25238, 25419, 80),
(58951, 55007, 69886, 20),
(76356, 71121, 69886, 9),
(4431, 2729, 46441, 0),
(60825, 57147, 68233, 15),
(36891, 30721, 19274, 120),
(98374, 99104, 51898, 8),
(86378, 81751, 51898, 10),
(31479, 26253, 13910, 120),
(28727, 24663, 4911, 40),
(33996, 28250, 60691, 40),
(56521, 52500, 46441, 56),
(35608, 28614, 19274, 120),
(1756, 1194, 44764, 0),
(5491, 3395, 69855, 120),
(91578, 90106, 51898, 14),
(91584, 90106, 60691, 10),
(44707, 41293, 4911, 40),
(63258, 59326, 99326, 14),
(68332, 62669, 25419, 51),
(42019, 38852, 37472, 120),
(32072, 26289, 13910, 120),
(88107, 83194, 68233, 47),
(9787, 10011, 11319, 100),
(58876, 55007, 60691, 33),
(59603, 55635, 68233, 16),
(93201, 91104, 63530, 39),
(41982, 38852, 4911, 40),
(31112, 26133, 93294, 60),
(30036, 25732, 4911, 40),
(68998, 64383, 25419, 41),
(25293, 19448, 36911, 120),
(3570, 1842, 99326, 0),
(8925, 8285, 46441, 80),
(46332, 43892, 13910, 120),
(56946, 53315, 37472, 118),
(20202, 15719, 46441, 60),
(46726, 43892, 63530, 60),
(57830, 54300, 51898, 20),
(1288, 270, 93294, 0),
(13350, 13391, 19274, 120),
(22092, 17295, 93294, 60),
(48021, 45785, 44764, 30),
(78042, 73193, 36911, 47),
(50746, 49789, 4911, 40),
(72719, 67640, 93294, 57),
(92373, 90653, 36911, 52),
(54112, 51410, 69855, 19),
(50922, 49789, 37472, 6),
(94292, 91744, 63530, 56),
(15939, 14246, 25419, 80),
(66618, 61647, 93294, 32),
(45650, 41319, 11319, 30),
(41462, 37704, 37472, 120),
(79758, 74160, 93294, 51),
(16759, 14366, 19274, 120),
(46521, 43892, 44764, 30),
(88056, 83194, 61757, 42),
(15091, 13762, 99326, 80),
(4172, 2319, 61757, 0),
(88128, 83194, 69855, 34),
(79714, 74160, 69886, 8),
(73351, 68141, 69855, 34),
(54319, 51503, 36420, 18),
(36475, 30128, 60691, 40),
(65693, 60738, 44764, 28),
(49699, 49307, 36420, 80),
(37239, 30755, 51898, 30),
(85772, 80659, 68233, 1),
(85081, 79803, 55235, 45),
(60037, 56050, 93294, 12),
(85438, 80659, 4911, 4),
(16777, 14366, 36911, 120),
(12739, 13122, 60691, 40),
(4631, 2746, 19274, 0),
(89471, 85242, 69886, 3),
(9382, 8498, 68233, 20),
(9649, 9761, 69886, 40),
(66781, 61703, 11319, 18),
(88779, 84304, 93294, 45),
(57305, 54055, 11319, 29),
(26848, 21463, 46441, 60),
(73577, 68141, 99326, 72),
(34253, 28275, 51898, 30),
(88625, 84304, 36420, 59),
(47831, 45785, 19274, 120),
(18109, 14658, 36420, 80),
(48857, 47641, 36420, 80),
(56883, 53315, 13910, 95),
(37898, 32121, 60691, 40),
(43536, 40226, 25419, 80),
(35854, 28614, 63530, 60),
(78294, 73355, 11319, 10),
(46642, 43892, 46441, 60),
(24145, 18983, 93294, 60),
(81661, 74932, 36420, 47),
(53702, 51410, 25419, 27),
(85564, 80659, 37472, 13),
(93968, 91744, 37472, 115),
(33856, 28250, 36911, 120),
(32572, 26895, 51898, 30),
(9089, 8285, 69886, 120),
(54564, 51503, 46441, 11),
(73924, 68709, 4911, 18),
(81198, 74558, 63530, 3),
(78800, 73418, 61757, 64),
(32338, 26895, 4911, 40),
(43875, 40226, 68233, 80),
(77459, 72944, 19274, 71),
(43739, 40226, 60691, 40),
(41643, 37704, 60691, 40),
(74567, 68908, 36911, 38),
(78355, 73355, 25419, 51),
(32094, 26289, 55235, 60),
(23606, 18690, 25419, 80),
(85076, 79803, 44764, 14),
(35204, 28299, 37472, 120),
(94901, 92776, 44764, 28),
(42491, 39277, 36911, 120),
(16286, 14246, 93294, 60),
(36766, 30721, 13910, 120),
(28960, 24663, 93294, 60),
(4202, 2319, 99326, 0),
(34321, 28275, 60691, 40),
(1149, 270, 63530, 0),
(91307, 89507, 63530, 1),
(41509, 37704, 44764, 30),
(82729, 75773, 51898, 29),
(74906, 69871, 25419, 69),
(24796, 19076, 55235, 60),
(1601, 929, 60691, 0),
(72184, 67640, 36420, 56),
(82467, 75773, 36911, 21),
(6712, 5275, 37472, 100),
(1319, 929, 25419, 0),
(47033, 44188, 13910, 120),
(96044, 96117, 44764, 30),
(70979, 65903, 51898, 8),
(23955, 18983, 61757, 80),
(46787, 43892, 69855, 40),
(43484, 39782, 99326, 80),
(78182, 73193, 69855, 2),
(93045, 91104, 46441, 12),
(6402, 5135, 19274, 20),
(83411, 75984, 37472, 26),
(23574, 18690, 19274, 120),
(66422, 61647, 13910, 23),
(45972, 42052, 44764, 30),
(78616, 73418, 25419, 64),
(32272, 26289, 93294, 60),
(87608, 82704, 55235, 20),
(62564, 57947, 99326, 17),
(12249, 12539, 19274, 120),
(35578, 28614, 4911, 40),
(83568, 75984, 99326, 28),
(76588, 71525, 4911, 9),
(64889, 59907, 44764, 12),
(77821, 73095, 55235, 45),
(8770, 8285, 19274, 30),
(4942, 2746, 99326, 0),
(5658, 3768, 36420, 100),
(96980, 97708, 68233, 36),
(4187, 2319, 93294, 0),
(89158, 85039, 60691, 36),
(16344, 14363, 13910, 120),
(77627, 72944, 63530, 55),
(65035, 59907, 51898, 23),
(25775, 20504, 44764, 30),
(70157, 65817, 55235, 28),
(1301, 929, 13910, 0),
(92154, 90500, 51898, 23),
(42211, 39277, 13910, 120),
(12767, 13122, 63530, 60),
(9505, 9761, 36420, 20),
(95806, 96117, 4911, 6),
(58205, 55007, 11319, 2),
(77066, 72757, 46441, 27),
(21625, 16259, 99326, 80),
(78063, 73193, 46441, 39),
(58246, 55007, 13910, 11),
(24961, 19076, 69886, 20),
(17144, 14372, 11319, 30),
(3147, 1842, 61757, 0),
(32308, 26289, 99326, 80),
(42130, 38852, 99326, 80),
(72172, 67640, 25419, 39),
(73664, 68645, 25419, 70),
(87376, 82542, 99326, 29),
(91400, 89507, 69886, 11),
(5985, 4509, 4911, 100),
(24980, 19076, 93294, 60),
(14536, 13762, 25419, 80),
(2746, 1434, 69886, 0),
(31844, 26253, 68233, 80),
(86835, 81936, 25419, 50),
(78817, 73418, 68233, 37),
(35575, 28299, 69855, 40),
(36177, 30128, 13910, 120),
(12200, 10857, 93294, 60),
(71621, 66414, 36420, 14),
(19324, 14863, 13910, 120),
(71982, 66414, 93294, 3),
(55705, 52184, 37472, 98),
(39856, 35583, 25419, 80),
(80379, 74553, 4911, 6),
(86493, 81751, 55235, 6),
(17124, 14366, 69886, 20),
(46518, 43892, 37472, 120),
(82408, 75773, 36420, 52),
(53776, 51410, 44764, 17),
(2716, 1434, 68233, 0),
(99622, 99559, 46441, 57),
(40294, 35583, 69886, 20),
(80696, 74553, 68233, 60),
(14194, 13523, 99326, 80),
(49553, 48984, 68233, 80),
(23143, 18330, 93294, 60),
(57897, 54300, 63530, 20),
(77819, 73095, 36420, 35),
(34222, 28275, 36911, 120),
(11692, 10857, 11319, 60),
(9626, 9761, 55235, 100),
(48715, 46205, 63530, 60),
(78980, 73418, 99326, 62),
(16155, 14246, 51898, 30),
(74246, 68709, 99326, 15),
(59814, 56050, 51898, 27),
(8127, 5828, 60691, 80),
(63872, 59853, 19274, 101),
(16329, 14363, 4911, 40),
(73829, 68645, 60691, 38),
(8632, 8205, 68233, 100),
(59632, 55635, 69886, 10),
(999, 270, 36911, 0),
(28266, 23678, 36911, 120),
(11170, 10776, 36911, 40),
(18310, 14658, 44764, 30),
(77311, 72944, 11319, 17),
(85748, 80659, 60691, 34),
(88084, 83194, 63530, 51),
(54062, 51410, 61757, 49),
(51784, 50081, 55235, 34),
(7472, 5720, 55235, 20),
(35942, 28614, 69886, 20),
(42120, 38852, 69855, 40),
(5152, 3395, 36911, 0),
(37107, 30721, 63530, 60),
(69035, 64383, 46441, 22),
(93850, 91744, 13910, 25),
(92065, 90500, 13910, 76),
(12714, 13122, 36420, 80),
(82733, 75773, 60691, 7),
(93732, 91744, 11319, 9),
(88737, 84304, 55235, 7),
(99825, 99559, 68233, 70),
(60055, 57147, 4911, 21),
(24953, 19076, 69855, 40),
(58376, 55007, 36420, 47),
(10703, 10084, 93294, 30),
(11281, 10776, 51898, 60),
(16513, 14363, 37472, 120),
(40790, 36228, 61757, 80),
(12410, 12539, 46441, 60),
(60183, 57147, 13910, 8),
(2676, 1434, 60691, 0),
(89480, 87768, 4911, 7),
(33985, 28250, 55235, 60),
(38756, 32254, 36911, 120),
(41549, 37704, 46441, 60),
(89978, 89033, 4911, 12),
(48186, 45785, 51898, 30),
(65224, 59907, 69855, 13),
(61261, 57650, 55235, 55),
(91113, 89507, 19274, 84),
(36692, 30128, 69855, 40),
(35638, 28614, 36911, 120),
(92686, 90653, 69886, 16),
(23909, 18983, 51898, 30),
(82291, 74932, 99326, 67),
(7162, 5611, 99326, 30),
(63150, 59326, 93294, 29),
(67450, 61885, 37472, 53),
(97168, 97990, 69886, 16),
(47459, 45386, 37472, 120),
(15548, 13944, 63530, 60),
(23658, 18690, 60691, 40),
(43628, 40226, 51898, 30),
(76853, 72757, 4911, 6),
(42811, 39771, 4911, 40),
(2859, 1842, 51898, 0),
(1750, 1194, 37472, 0),
(81395, 74558, 68233, 29),
(42963, 39771, 37472, 120),
(4583, 2729, 63530, 0),
(59433, 55107, 93294, 21),
(33525, 27232, 63530, 60),
(91501, 90106, 36911, 63),
(56189, 52274, 36911, 67),
(27877, 22196, 99326, 80),
(68695, 62764, 25419, 71),
(56597, 52500, 55235, 25),
(2813, 1842, 13910, 0),
(15020, 13762, 63530, 60),
(29183, 25184, 25419, 80),
(62405, 57947, 61757, 61),
(77735, 73095, 4911, 36),
(61453, 57694, 19274, 86),
(19975, 15719, 44764, 30),
(60356, 57147, 36911, 89),
(32965, 27232, 4911, 40),
(35530, 28299, 68233, 80),
(33056, 27232, 25419, 80),
(51489, 49789, 61757, 79),
(70974, 65903, 46441, 41),
(84935, 79803, 11319, 9),
(11902, 10857, 68233, 80),
(77076, 72757, 51898, 17),
(8666, 8205, 93294, 30),
(61560, 57694, 46441, 24),
(79684, 74160, 63530, 36),
(30554, 26133, 13910, 120),
(73334, 68141, 68233, 4),
(63563, 59640, 61757, 70),
(61042, 57650, 36911, 103),
(82005, 74932, 68233, 45),
(75272, 69871, 63530, 12),
(65251, 60412, 19274, 10),
(60861, 57147, 93294, 30),
(58921, 55007, 61757, 78),
(71550, 66031, 93294, 54),
(65292, 60412, 55235, 28),
(46083, 42052, 68233, 80),
(10905, 10776, 19274, 60),
(54982, 51906, 36420, 51),
(41192, 36322, 51898, 30),
(67801, 62626, 19274, 106),
(67042, 61703, 55235, 41),
(26160, 20534, 51898, 30),
(97925, 99104, 4911, 34),
(13972, 13523, 55235, 60),
(39757, 35583, 19274, 120),
(97851, 98128, 99326, 71),
(21172, 16259, 36420, 80),
(12506, 12539, 69855, 40),
(52261, 50274, 63530, 19),
(52168, 50274, 44764, 23),
(84006, 77119, 93294, 51),
(89074, 85039, 51898, 20),
(81003, 74558, 46441, 18),
(50110, 49652, 13910, 120),
(57808, 54300, 46441, 39),
(11463, 10776, 68233, 120),
(8714, 8285, 13910, 80),
(71092, 65903, 68233, 18),
(13758, 13523, 4911, 40),
(95593, 95822, 51898, 17),
(98565, 99104, 93294, 44),
(92991, 91104, 19274, 95),
(48431, 46205, 4911, 40),
(88793, 84304, 99326, 40),
(77992, 73193, 4911, 35),
(68796, 62764, 61757, 17),
(40632, 36228, 55235, 60),
(6792, 5275, 60691, 60),
(77054, 72757, 44764, 14),
(79047, 73961, 13910, 63),
(44433, 40257, 99326, 80),
(61817, 57694, 93294, 46),
(39929, 35583, 36420, 80),
(22737, 17762, 55235, 60),
(61924, 57947, 25419, 33),
(23329, 18330, 99326, 80),
(56470, 52500, 36420, 27),
(49854, 49307, 51898, 30),
(35355, 28299, 60691, 40),
(22207, 17762, 19274, 120),
(59658, 56050, 36420, 60),
(98795, 99113, 44764, 7),
(90684, 89033, 93294, 56),
(37631, 32121, 36420, 80),
(38992, 32254, 93294, 60),
(4917, 2746, 93294, 0),
(86879, 81936, 36420, 20),
(49487, 48984, 63530, 60),
(90317, 89033, 44764, 11),
(22566, 17762, 44764, 30),
(52634, 50393, 36420, 38),
(8692, 8285, 11319, 40),
(59431, 55107, 63530, 57),
(14026, 13523, 60691, 40),
(73861, 68645, 68233, 40),
(2557, 1434, 37472, 0),
(78514, 73355, 55235, 11),
(1056, 270, 51898, 0),
(61077, 57650, 44764, 30),
(9024, 8285, 69855, 30),
(27776, 22196, 69855, 40),
(25574, 20504, 4911, 40),
(40800, 36228, 69855, 40),
(64171, 59853, 51898, 19),
(83086, 75984, 19274, 14),
(68838, 62764, 69855, 26),
(63359, 59640, 25419, 37),
(49672, 49307, 19274, 120),
(58865, 55007, 55235, 18),
(72747, 68141, 4911, 29),
(10702, 10084, 69855, 120),
(13274, 13380, 69855, 40),
(55676, 52184, 36420, 1),
(30570, 26133, 36420, 80),
(68781, 62764, 37472, 115),
(49726, 49307, 36911, 120),
(56468, 52500, 25419, 2),
(31628, 26253, 51898, 30),
(4310, 2729, 25419, 0),
(80408, 74553, 25419, 4),
(18255, 14658, 37472, 120),
(8422, 7671, 69855, 30),
(7005, 5611, 44764, 100),
(8555, 8205, 36911, 20),
(87034, 81936, 60691, 23),
(16980, 14366, 55235, 60),
(38579, 32172, 69886, 20),
(55333, 51906, 55235, 15),
(7960, 5828, 13910, 20),
(76342, 71121, 68233, 47),
(6304, 4509, 55235, 20),
(52961, 50393, 63530, 30),
(84881, 79803, 4911, 17),
(61820, 57947, 4911, 16),
(35783, 28614, 60691, 40),
(88399, 83194, 93294, 44),
(59700, 56050, 36911, 44),
(6731, 5275, 46441, 80),
(74771, 69871, 19274, 81),
(57646, 54055, 99326, 49),
(8158, 5828, 61757, 60),
(98950, 99113, 68233, 23),
(45420, 41293, 61757, 80),
(60417, 57147, 37472, 81),
(53145, 51385, 19274, 14),
(65441, 60412, 93294, 37),
(72976, 68141, 46441, 40),
(69165, 64383, 68233, 58),
(3880, 2319, 19274, 0),
(24120, 18983, 69855, 40),
(78600, 73418, 11319, 9),
(84051, 77211, 25419, 75),
(47105, 44188, 46441, 60),
(8933, 8285, 51898, 120),
(62862, 59326, 63530, 27),
(17377, 14372, 36911, 120),
(28790, 24663, 36911, 120),
(78538, 73355, 63530, 28),
(84426, 77211, 60691, 6),
(51743, 50081, 36420, 9),
(35389, 28299, 63530, 60),
(39276, 34242, 51898, 30),
(65998, 61506, 44764, 28),
(6965, 5275, 99326, 120),
(94853, 92776, 36420, 15),
(33229, 27232, 44764, 30),
(26503, 21212, 61757, 80),
(4837, 2746, 61757, 0),
(80348, 74413, 99326, 37),
(16914, 14366, 51898, 30),
(67127, 61703, 61757, 6),
(76057, 71121, 51898, 16),
(81026, 74558, 60691, 10),
(1690, 1194, 4911, 0),
(66474, 61647, 36911, 113),
(37160, 30755, 44764, 30),
(47255, 44188, 63530, 60),
(42865, 39771, 13910, 120),
(66150, 61506, 61757, 27),
(55668, 52184, 4911, 40),
(34351, 28275, 68233, 80),
(65880, 60738, 69855, 33),
(49451, 48984, 61757, 80),
(91439, 90106, 11319, 1),
(29223, 25184, 44764, 30),
(71535, 66031, 61757, 2),
(83060, 75984, 13910, 86),
(58491, 55007, 37472, 14),
(70573, 65900, 37472, 79),
(46234, 42052, 69886, 20),
(38834, 32254, 44764, 30),
(80409, 74553, 36420, 9),
(68874, 62764, 99326, 53),
(19015, 14777, 55235, 60),
(95200, 92776, 68233, 19),
(79085, 73961, 61757, 64),
(79974, 74413, 36420, 50),
(32516, 26895, 46441, 60),
(23635, 18690, 44764, 30),
(92737, 90653, 99326, 30),
(19966, 15719, 36911, 120),
(91178, 89507, 44764, 2),
(32882, 26895, 69855, 40),
(69998, 65817, 4911, 28),
(87776, 83194, 13910, 56),
(33756, 27232, 99326, 80),
(73587, 68645, 19274, 4),
(4089, 2319, 36911, 0),
(51685, 50081, 19274, 4),
(59506, 55635, 13910, 51),
(83404, 75984, 36911, 45),
(55951, 52184, 69855, 34),
(55935, 52184, 68233, 72),
(26760, 21463, 11319, 30),
(41357, 37704, 19274, 120);

insert into Submissions value
(86170, 81751, 69855, 119),
(4685, 2746, 44764, 0),
(91046, 89033, 25419, 66),
(27593, 22196, 63530, 80),
(81625, 74932, 55235, 61),
(18084, 14658, 93294, 80),
(32924, 26895, 51898, 60),
(68495, 62669, 44764, 28),
(53267, 51385, 44764, 20),
(97981, 99104, 19274, 6),
(12388, 12539, 51898, 120),
(45896, 41319, 44764, 80),
(48325, 45785, 99326, 40),
(70583, 65900, 63530, 49),
(61538, 57694, 51898, 8),
(97785, 98128, 69886, 14),
(88870, 84653, 55235, 9),
(21490, 16259, 11319, 60),
(42489, 39277, 55235, 80),
(46010, 42052, 36420, 80),
(87246, 82542, 51898, 44),
(45523, 41293, 55235, 80),
(15762, 14246, 63530, 40),
(48339, 45785, 69855, 60),
(433, 72, 36911, 0),
(72509, 67640, 69855, 39),
(33514, 27232, 99326, 40),
(25804, 20504, 93294, 30),
(71579, 66414, 37472, 10),
(16698, 14363, 93294, 60),
(29274, 25184, 11319, 60),
(6394, 5135, 61757, 120),
(60050, 56050, 55235, 64),
(4842, 2746, 63530, 0),
(70783, 65903, 44764, 29),
(6260, 4509, 68233, 20),
(28500, 23678, 11319, 60),
(39219, 34242, 37472, 60),
(22404, 17762, 44764, 120),
(93317, 91104, 60691, 34),
(70243, 65817, 25419, 1),
(12762, 13122, 37472, 80),
(93935, 91744, 51898, 109),
(7355, 5720, 13910, 100),
(96996, 97990, 63530, 47),
(9435, 9761, 46441, 40),
(97791, 98128, 11319, 29),
(53715, 51410, 99326, 19),
(1641, 929, 68233, 0),
(11897, 10857, 4911, 40),
(49174, 48984, 63530, 30),
(7770, 5720, 51898, 100),
(75346, 69871, 44764, 2),
(85326, 79803, 93294, 4),
(35742, 28614, 93294, 60),
(15563, 13944, 44764, 40),
(69119, 64383, 61757, 11),
(39370, 34242, 69855, 40),
(75082, 69871, 36420, 107),
(96270, 96117, 37472, 8),
(82567, 75773, 55235, 73),
(78585, 73355, 61757, 5),
(44298, 40257, 19274, 80),
(59049, 55107, 69886, 23),
(32141, 26289, 55235, 80),
(50765, 49789, 11319, 30),
(71912, 66414, 68233, 2),
(17001, 14366, 44764, 60),
(46429, 43892, 19274, 80),
(56513, 52500, 36420, 112),
(97792, 98128, 36420, 23),
(74129, 68709, 37472, 15),
(22112, 17762, 19274, 40),
(39621, 35583, 19274, 120),
(810, 270, 11319, 0),
(45653, 41319, 36420, 80),
(42028, 38852, 69886, 60),
(21196, 16259, 93294, 120),
(95560, 95822, 69886, 17),
(59717, 56050, 51898, 13),
(52367, 50274, 4911, 20),
(30673, 26133, 60691, 30),
(1813, 1194, 11319, 0),
(56929, 53315, 44764, 11),
(12906, 13380, 13910, 40),
(71229, 66031, 68233, 65),
(26220, 20534, 61757, 40),
(94354, 91744, 63530, 21),
(61469, 57694, 68233, 57),
(92989, 91104, 46441, 86),
(66682, 61647, 99326, 57),
(10830, 10776, 69886, 40),
(47662, 45386, 51898, 80),
(52426, 50274, 93294, 27),
(69242, 64383, 11319, 35),
(66588, 61647, 44764, 13),
(41332, 36322, 99326, 80),
(98788, 99113, 60691, 21),
(62122, 57947, 36420, 88),
(48854, 47641, 55235, 80),
(7028, 5611, 93294, 100),
(83712, 77119, 93294, 18),
(9433, 8498, 36420, 40),
(51728, 50081, 51898, 74),
(48434, 46205, 13910, 30),
(27261, 21463, 69886, 60),
(9385, 8498, 36911, 120),
(18965, 14777, 46441, 30),
(580, 72, 44764, 0),
(29904, 25238, 46441, 60),
(27017, 21463, 37472, 30),
(2804, 1842, 61757, 0),
(50586, 49652, 4911, 60),
(69975, 64617, 51898, 58),
(76410, 71121, 63530, 34),
(87587, 82704, 55235, 27),
(8115, 5828, 60691, 80),
(22780, 18330, 55235, 40),
(22125, 17762, 44764, 30),
(64548, 59853, 60691, 6),
(18570, 14658, 51898, 60),
(85504, 80659, 11319, 68),
(14032, 13523, 13910, 20),
(25544, 19448, 69855, 60),
(49171, 47641, 60691, 80),
(5871, 3768, 55235, 60),
(15885, 14246, 63530, 120),
(23058, 18330, 44764, 40),
(17665, 14372, 19274, 80),
(92607, 90653, 19274, 4),
(24989, 19076, 11319, 80),
(22806, 18330, 55235, 120),
(26260, 20534, 69886, 60),
(69909, 64617, 63530, 95),
(48724, 46205, 60691, 20),
(51068, 49789, 36420, 30),
(78765, 73418, 36420, 32),
(77039, 72757, 36420, 90),
(10581, 10084, 11319, 60),
(13513, 13391, 69855, 60),
(73887, 68645, 61757, 9),
(13132, 13380, 55235, 80),
(59020, 55107, 11319, 23),
(89067, 85039, 60691, 47),
(3862, 2319, 4911, 0),
(73722, 68645, 19274, 42),
(22745, 17762, 99326, 60),
(13181, 13380, 11319, 30),
(39190, 34242, 13910, 120),
(27671, 22196, 60691, 80),
(79917, 74413, 93294, 61),
(72785, 68141, 25419, 10),
(90176, 89033, 25419, 39),
(81683, 74932, 63530, 60),
(89831, 87768, 61757, 40),
(66310, 61506, 44764, 38),
(22205, 17762, 25419, 120),
(83013, 75984, 37472, 27),
(71446, 66031, 36911, 16),
(59860, 56050, 4911, 4),
(74113, 68709, 46441, 29),
(90647, 89033, 61757, 1),
(70123, 65817, 51898, 13),
(2941, 1842, 36420, 0),
(29374, 25184, 44764, 40),
(68417, 62669, 60691, 23),
(49806, 49307, 93294, 30),
(38804, 32254, 99326, 120),
(52022, 50274, 68233, 18),
(47847, 45785, 36420, 80),
(85759, 80659, 46441, 9),
(26342, 21212, 13910, 30),
(89414, 85242, 69855, 66),
(34665, 28275, 93294, 20),
(55789, 52184, 60691, 17),
(21440, 16259, 55235, 80),
(76149, 71121, 44764, 36),
(2822, 1842, 69886, 0),
(53831, 51410, 46441, 27),
(4506, 2729, 61757, 0),
(52576, 50274, 11319, 17),
(73403, 68141, 68233, 5),
(7458, 5720, 68233, 80),
(53589, 51410, 61757, 17),
(86309, 81751, 19274, 116),
(57489, 54055, 11319, 37),
(81494, 74558, 13910, 5),
(64297, 59853, 44764, 21),
(46081, 42052, 55235, 60),
(32079, 26289, 4911, 60),
(96427, 96546, 19274, 3),
(96931, 97708, 11319, 37),
(45684, 41319, 51898, 80),
(28553, 23678, 93294, 40),
(1698, 1194, 36911, 0),
(77271, 72757, 19274, 38),
(53079, 50393, 36911, 25),
(78163, 73193, 51898, 4),
(45132, 41293, 99326, 80),
(28140, 23278, 61757, 80),
(17798, 14372, 51898, 20),
(89376, 85242, 68233, 28),
(65272, 60412, 37472, 34),
(52253, 50274, 19274, 39),
(1487, 929, 63530, 0),
(27149, 21463, 51898, 60),
(41300, 36322, 69886, 20),
(87844, 83194, 25419, 57),
(30119, 25732, 36420, 40),
(9757, 9761, 44764, 30),
(56870, 52500, 99326, 20),
(40020, 35583, 68233, 30),
(9891, 10011, 36420, 100),
(52726, 50393, 60691, 34),
(45451, 41293, 44764, 80),
(27643, 22196, 60691, 60),
(37326, 30755, 37472, 60),
(75177, 69871, 19274, 40),
(32501, 26895, 99326, 30),
(46738, 43892, 4911, 80),
(63746, 59853, 61757, 26),
(1026, 270, 36420, 0),
(70638, 65900, 69886, 30),
(11736, 10857, 69886, 40),
(26523, 21212, 36911, 40),
(94211, 91744, 19274, 2),
(5185, 3395, 68233, 0),
(68095, 62626, 68233, 58),
(24165, 18983, 25419, 80),
(36031, 28614, 25419, 60),
(3421, 1842, 4911, 0),
(91143, 89507, 36420, 13),
(15676, 13944, 13910, 20),
(48753, 46205, 19274, 80),
(54924, 51906, 36911, 13),
(17214, 14372, 37472, 120),
(376, 72, 36420, 0),
(92352, 90500, 46441, 76),
(21664, 17295, 69886, 30),
(59940, 56050, 13910, 61),
(92161, 90500, 93294, 60),
(25449, 19448, 36911, 80),
(79394, 74160, 51898, 34),
(44267, 40257, 68233, 120),
(53500, 51385, 99326, 10),
(80149, 74413, 4911, 58),
(28627, 23678, 25419, 60),
(2026, 1194, 36420, 0),
(6658, 5135, 36911, 60),
(67602, 61885, 46441, 18),
(14813, 13762, 63530, 120),
(38497, 32172, 36420, 60),
(8072, 5828, 46441, 80),
(10244, 10084, 99326, 100),
(62558, 57947, 4911, 28),
(77525, 72944, 61757, 46),
(4555, 2729, 55235, 0),
(71688, 66414, 61757, 17),
(95211, 92776, 99326, 5),
(19696, 14863, 51898, 80),
(45079, 41293, 19274, 80),
(82337, 75773, 36420, 106),
(36192, 30128, 25419, 120),
(17445, 14372, 51898, 30),
(74114, 68709, 37472, 37),
(83535, 75984, 19274, 2),
(78532, 73355, 60691, 8),
(28974, 24663, 61757, 80),
(41662, 37704, 99326, 80),
(59602, 55635, 19274, 42),
(15067, 13762, 36420, 20),
(72397, 67640, 19274, 21),
(56164, 52274, 36911, 65),
(49074, 47641, 55235, 80),
(72997, 68141, 36911, 31),
(30454, 25732, 60691, 60),
(84693, 79555, 60691, 74),
(97397, 98095, 37472, 13),
(96985, 97990, 36420, 9),
(19566, 14863, 37472, 30),
(29580, 25184, 60691, 80),
(98892, 99113, 61757, 10),
(55395, 51906, 68233, 24),
(8391, 7671, 36911, 40),
(25567, 19448, 36911, 80),
(88658, 84304, 46441, 24),
(65121, 59907, 36420, 4),
(9873, 10011, 36911, 80),
(84224, 77211, 36420, 28),
(28478, 23678, 4911, 120),
(92080, 90500, 99326, 32),
(19193, 14777, 13910, 60),
(18971, 14777, 36911, 60),
(59811, 56050, 99326, 12),
(52774, 50393, 55235, 31),
(4785, 2746, 36420, 0),
(35620, 28614, 60691, 80),
(49845, 49307, 93294, 60),
(79426, 74160, 61757, 37),
(57560, 54055, 69886, 54),
(76512, 71121, 61757, 78),
(8445, 7671, 60691, 30),
(87714, 83194, 69855, 5),
(27189, 21463, 46441, 80),
(22045, 17295, 93294, 40),
(63992, 59853, 93294, 103),
(31888, 26253, 51898, 20),
(77976, 73095, 13910, 40),
(28942, 24663, 11319, 40),
(89476, 85242, 4911, 11),
(77202, 72757, 68233, 12),
(19152, 14777, 36911, 20),
(6796, 5275, 55235, 60),
(50867, 49789, 51898, 120),
(7714, 5720, 99326, 80),
(17016, 14366, 11319, 40),
(584, 72, 4911, 0),
(6196, 4509, 69855, 100),
(30085, 25732, 11319, 120),
(48435, 46205, 37472, 120),
(61352, 57650, 19274, 44),
(10343, 10084, 19274, 40),
(93616, 91557, 99326, 10),
(26800, 21463, 69855, 120),
(73803, 68645, 25419, 37),
(51773, 50081, 4911, 24),
(74109, 68709, 25419, 36),
(66566, 61647, 44764, 43),
(53242, 51385, 60691, 28),
(6517, 5135, 63530, 40),
(26217, 20534, 99326, 60),
(80800, 74558, 46441, 35),
(84939, 79803, 25419, 11),
(12077, 10857, 19274, 20),
(67004, 61703, 44764, 51),
(72000, 67640, 11319, 22),
(75983, 71121, 69855, 40),
(42766, 39277, 55235, 80),
(58772, 55007, 60691, 7),
(85872, 80659, 63530, 7),
(50623, 49652, 46441, 80),
(69479, 64617, 44764, 23),
(47630, 45386, 69855, 60),
(46698, 43892, 55235, 30),
(51842, 50081, 55235, 14),
(70188, 65817, 36420, 51),
(12311, 12539, 69855, 80),
(25910, 20504, 13910, 40),
(44258, 40226, 11319, 80),
(26262, 20534, 37472, 40),
(84465, 77211, 11319, 21),
(86280, 81751, 36420, 70),
(40242, 35583, 51898, 60),
(36895, 30721, 61757, 80),
(88687, 84304, 60691, 57),
(55928, 52184, 69855, 53),
(81876, 74932, 46441, 58),
(50696, 49652, 13910, 20),
(42115, 38852, 44764, 80),
(21016, 16259, 61757, 120),
(56073, 52274, 13910, 2),
(7152, 5611, 4911, 120),
(74660, 68908, 55235, 54),
(75755, 70325, 19274, 24),
(23133, 18330, 46441, 20),
(4134, 2319, 36911, 0),
(45294, 41293, 44764, 120),
(64640, 59907, 37472, 94),
(36553, 30128, 19274, 80),
(46222, 42052, 99326, 40),
(69002, 64383, 46441, 5),
(87211, 81936, 63530, 55),
(46005, 42052, 93294, 40),
(62751, 59326, 13910, 25),
(51615, 49789, 69886, 38),
(48921, 47641, 25419, 120),
(84306, 77211, 4911, 59),
(4961, 3395, 36911, 0),
(95448, 95822, 93294, 12),
(47391, 45386, 93294, 80),
(10980, 10776, 11319, 100),
(53450, 51385, 61757, 3),
(85970, 80659, 36420, 79),
(70448, 65900, 37472, 37),
(83097, 75984, 37472, 47),
(40351, 35583, 51898, 80),
(6653, 5135, 99326, 30),
(64597, 59907, 93294, 27),
(30841, 26133, 93294, 40),
(5764, 3768, 46441, 80),
(57093, 53315, 13910, 1),
(68717, 62764, 19274, 109),
(99969, 99559, 25419, 33),
(81535, 74932, 93294, 19),
(16259, 14246, 99326, 80),
(51286, 49789, 69886, 9),
(57786, 54300, 63530, 54),
(99217, 99113, 19274, 23),
(74010, 68709, 37472, 28),
(25787, 20504, 36420, 60),
(8600, 8205, 36911, 80),
(45664, 41319, 60691, 120),
(69012, 64383, 36420, 100),
(50690, 49652, 63530, 40),
(6746, 5275, 37472, 40),
(12412, 12539, 36420, 30),
(31354, 26243, 46441, 80),
(7754, 5720, 25419, 30),
(98323, 99104, 25419, 45),
(99935, 99559, 61757, 25),
(54872, 51503, 69855, 54),
(72896, 68141, 37472, 70),
(66617, 61647, 19274, 18),
(88889, 84653, 13910, 58),
(68281, 62669, 36420, 104),
(34149, 28275, 11319, 120),
(40443, 36228, 99326, 120),
(67858, 62626, 19274, 65),
(56878, 53315, 60691, 35),
(19673, 14863, 46441, 20),
(23919, 18983, 63530, 40),
(33502, 27232, 68233, 30),
(20778, 15719, 68233, 80),
(50480, 49652, 46441, 30),
(31314, 26243, 25419, 40),
(16482, 14363, 4911, 120),
(84631, 79555, 25419, 103),
(86911, 81936, 4911, 27),
(67931, 62626, 93294, 30),
(45328, 41293, 69886, 30),
(95432, 93514, 37472, 45),
(40297, 35583, 63530, 60),
(59580, 55635, 37472, 27),
(72089, 67640, 19274, 72),
(26396, 21212, 51898, 120),
(25325, 19448, 36420, 120),
(86619, 81751, 4911, 54),
(38278, 32172, 36420, 120),
(24875, 19076, 63530, 40),
(37101, 30721, 4911, 40),
(36065, 28614, 4911, 80),
(86951, 81936, 11319, 32),
(34717, 28299, 60691, 40),
(76895, 72757, 69855, 18),
(85162, 79803, 60691, 59),
(97547, 98128, 4911, 19),
(15559, 13944, 36420, 80),
(91651, 90106, 68233, 3),
(70076, 65817, 51898, 8),
(5207, 3395, 36420, 0),
(9192, 8498, 37472, 30),
(49916, 49307, 63530, 60),
(68071, 62626, 68233, 88),
(32034, 26289, 93294, 40),
(38549, 32172, 51898, 40),
(66081, 61506, 68233, 29),
(45046, 41293, 11319, 120),
(77103, 72757, 60691, 50),
(96412, 96546, 36911, 79),
(87106, 81936, 69886, 16),
(7519, 5720, 25419, 100),
(8354, 7671, 55235, 40),
(79864, 74413, 99326, 4),
(71215, 66031, 44764, 71),
(2108, 1194, 36420, 0),
(28534, 23678, 46441, 40),
(46282, 43892, 19274, 40),
(53653, 51410, 36420, 17),
(17727, 14372, 55235, 80),
(19871, 15719, 13910, 30),
(19243, 14863, 69855, 40),
(78255, 73193, 69855, 2),
(37403, 30755, 51898, 60),
(1088, 270, 99326, 0),
(53775, 51410, 13910, 1),
(84139, 77211, 99326, 3),
(32966, 27232, 46441, 120),
(89328, 85242, 44764, 7),
(96741, 97708, 68233, 13),
(9367, 8498, 25419, 30),
(6059, 4509, 69855, 120),
(62357, 57947, 46441, 30),
(87654, 82704, 93294, 38),
(54773, 51503, 36911, 50),
(30916, 26133, 51898, 80),
(6366, 4509, 44764, 30),
(69091, 64383, 63530, 29),
(31455, 26253, 46441, 40),
(65371, 60412, 68233, 4),
(90060, 89033, 69886, 1),
(68278, 62669, 69886, 15),
(85630, 80659, 69886, 7),
(68213, 62626, 11319, 24),
(28729, 24663, 68233, 120),
(4678, 2746, 4911, 0),
(5040, 3395, 61757, 0),
(47795, 45785, 51898, 40),
(1170, 270, 61757, 0),
(21714, 17295, 36420, 120),
(52532, 50274, 61757, 8);

